Interval Duration,Max Data Gap,Min Data Gap
-0.7228923489609654,-0.24906371305861946,0.7180917379627759
-0.7229144005122422,-0.24253991912099243,0.7360481055387709
-0.7229003649978485,-0.24741460256436415,0.7562160110331332
-0.7228306046173913,-0.2448029055481317,0.7273669940084648
0.3511908558906463,-0.0672147732482421,0.6276167314815206
-0.7229430377295082,-0.24095255946022223,0.7460825462430034
0.35117413843082707,-0.0660996258435361,0.626642994636866
-0.7229397299968165,-0.24406916035024698,0.722349773656348
0.3506982421147661,-0.06740729055263785,0.6216587823133826
-0.7229008417881465,-0.24763617908451774,0.7426167032366074
1.1866607802459705,-0.3562704247931038,-0.9607296063068834
-0.7228836177386357,-0.2402660354879441,0.7015547156179714
0.351162516667317,-0.06753442462157828,0.6235402399454262
1.1861754077227389,-0.298279127346433,-0.9562570184272005
0.41081777375197376,-0.06585262250959491,0.612317510210429
-0.7229141025183059,-0.2394705394565743,0.727416506051413
-0.665624827888648,0.051546609151939204,0.2736716404568934
1.1866281797093539,-0.2986750591611328,-0.9646575617141318
-0.7253263634315922,0.0498466450301079,0.24439351906000412
1.2458558750943962,-0.3031465459858659,-0.9610266785645739
1.1862396552153773,-0.2986750591611328,-0.960647086235302
0.4107959605958462,-0.06744724697430478,0.628293396068483
1.2463147559567025,-0.3557437265074933,-0.9581384760592441
4.526979168238107,2.953221907029886,-0.6964673290763352
-0.7252647680849862,0.03803407382455982,0.2592966439875073
-0.7229548680887738,-0.24110512034295026,0.7571072278062064
-0.18798906162292597,-0.33473391351459986,-1.7416005396622498
-0.18794025021618152,-0.29132307757440873,-1.7239247403296296
-0.7241099819835449,-0.1021294209812453,0.754037481143399
-0.18797624788367046,-0.3393797556338791,-1.7502981552068726
-0.7252822603290391,0.04728580164145144,0.2755200900603047
1.1862665938672066,-0.29928167029007713,-0.952444591120165
0.41080424482727196,-0.06647376324641772,0.6265439705509689
-0.7228536693480511,-0.24211856049250424,0.732153158160154
-0.7825392622154098,-0.24877675330301133,0.7307668209575959
-0.7825746638950266,-0.2482028337917943,0.7437224721957908
0.35118152868044406,-0.06918353511583358,0.6403743345479213
-0.7253010935458049,0.04655568884553615,0.25901607574413255
-0.7229159202813167,-0.2461686886887483,0.7236535907873256
-0.722901437776019,-0.23827547920853445,0.7237031028302746
-0.7228704762060508,-0.2448392295678284,0.7132395577538211
-0.18798220776239402,-0.33933253440827255,-1.7167950061450437
-0.7229525139366781,-0.23888572273944816,0.7248748878467226
0.4107699457252183,-0.06858055638885871,0.6320398073182547
0.3506837596094676,-0.06785044359294423,0.6159979054029349
-0.725288965192603,0.04760182061281739,0.26782921938896814
-0.1879613183874684,-0.3390601042605437,-1.740577290774647
-0.7252670626382943,0.04206240760898571,0.14634317000762515
-0.7229199134000613,-0.24147925774583268,0.7328793347900663
1.2463277186929254,-0.3566627242058341,-0.954094992551782
0.41077399844275014,-0.06644107162869045,0.6211141498409488
-0.7229168738619125,-0.24005898857566982,0.7394974445308511
-0.7229102285971358,-0.2418642923546234,0.7313774694872945
1.186245853489249,-0.30287048343616607,-0.7010719490705468
1.2458769432656835,-0.2990855205837119,-0.9677108043626235
0.35114377284873194,-0.06708037437536202,0.6285904683261745
0.3511604307097632,-0.06580903368595856,0.6118719018238923
1.186221477585271,-0.2984571150429495,-0.9536328801509287
-0.18799680946526628,-0.34011350083176384,-1.7450663826686459
-0.7253412035296135,0.05091093880723708,0.2612276136625
-0.7228927065536893,-0.2454240462849545,0.7464126265293272
0.41079420243162307,-0.06758164584718405,0.6270555949947703
-0.7252668540425391,0.050703891894962806,-0.004553032885135681
1.1862535417328024,-0.3014974354916098,-0.9505136214451723
-0.7229152348952634,-0.24315742745584581,0.7371373704836384
-0.7228736349417744,-0.2445813290279781,0.7066049439987196
0.4107771273790805,-0.06888204575234615,0.6177803389490815
-3.562889496910478,-4.254531527084993,-6.241486059023839
-0.7229001266026998,-0.24191877838416884,0.7293639797407213
-0.18681982281558057,-0.4790746705855903,-1.0965741481432958
-3.5623081405404062,-4.254531527084993,-6.241486059023839
0.35116928112966794,0.13266904234182372,0.35444228652023985
-0.18799639227375542,-0.3213230854423725,-1.7337941408907005
0.4102911588679762,-0.06591800574505025,0.6075808581016869
-0.7252674202310181,0.047612717818726474,0.26396728003898456
0.41028645056378477,-0.06475563711473765,0.6222694308430802
0.35121034469407164,-0.06564557559732064,0.6225004870435068
1.186168583661601,-0.29907462337780283,-0.9438129916328071
1.2463189874705956,-0.3565610169506821,-0.948879724027871
0.4108205748949735,-0.06511161250777134,0.614661080243325
0.410793457446782,-0.06686243025717865,0.6285904683261745
-0.1879566398826705,-0.336168712292642,-1.7292555369537537
1.2458150499251408,-0.3014901706876709,-0.9679913726059991
0.3512023882559757,-0.0660996258435361,0.6232101596591024
-0.7229562984596676,-0.23822825798292785,0.7302717005281112
-0.7253122385190178,0.046377701149019714,0.2677136912887553
4.170163076632031,3.0099019073654856,-0.7023427581728929
-0.7228410940039447,-0.2425362867190222,0.7393819164306382
0.3510442428740513,-0.06739639334672877,0.6155192889877659
1.2458816813692684,-0.3023110935328283,-0.9642119533275951
-0.7229118973631784,-0.2468624774649661,0.7568596675914641
0.3511486003504975,-0.0677233095240038,0.6328485040197466
-0.18677357415668708,-0.48373504231274805,-1.0751189295322716
1.2458500046138532,-0.30015344676281136,-0.9604490380635078
-0.7253152184583797,0.04274166677732419,0.2405150756957039
1.245775893521928,-0.2981519932774926,-0.9638158569840075
-0.7229074274541357,-0.19573641974107672,0.4528887319162064
0.41079026891166537,-0.06806838771112758,0.626642994636866
0.3511304823191785,-0.06838803908446377,0.09849803250504248
1.2458909191812892,-0.3041563537334496,-0.9601024537628683
-0.7228400808245617,-0.2489801678133162,0.721871157241179
0.4078642068536367,3.014769326004918,0.5792269615065033
1.186728186474332,-0.35616871753795176,-0.9616208230799567
-0.18711081389424944,-0.3354095402809689,-1.697864901724394
1.1866348845729178,-0.3565937085684094,-0.7031019428314367
0.3511632616521573,-0.07093072046327147,0.6425033523947072
-0.7229079936426147,-0.23936519979945203,0.7281756907099567
-0.7228980704445404,-0.24363327211387945,0.7217391251266495
0.41078377264385724,-0.06815193295643165,0.6152552247587078
-0.18801057678511723,-0.34326279333951587,-1.7685680990548756
1.2458746785117685,-0.35728749734462717,-0.9576433556297584
-0.18795085880030904,-0.34402196535118895,-1.730938946414003
0.4107643434392189,-0.06914721109613609,0.6450944826423466
-0.7252467692512413,0.044546970556277744,0.25470852800761146
-0.7229200623970296,-0.24109785553901142,0.7064564078698744
-0.7228949117088168,-0.2454494730987429,0.7223167656277156
-0.1879926673495534,-0.1203895056830568,-1.7579560178495768
-0.7253180494007728,0.0463014207076553,-0.2287765713846506
0.35119663697300774,-0.06850064354552486,0.35548203942215834
1.2462661233463197,-0.35605974547886005,-0.9567191308280528
-0.7252934053022521,0.04103443785155322,0.2487835868681057
1.186231907373037,-0.2986133083276477,-0.7094724923574791
-0.7252828861163052,0.04601082855007776,0.2753055378741947
-0.7252697445837198,0.04206967241292537,0.2793985334246049
-0.7229351706895932,-0.24142840411825586,0.7345132322073666
0.8260699994504459,2.98389027686028,-1.5440804963263024
-0.7228937197330723,-0.24706952437724036,0.7363286737821456
0.410773313056697,-0.06738186373884944,0.6255207216633661
0.4108008178970054,-0.06778142795551947,0.6270060829518221
-0.7228456235117745,-0.24433069329206666,0.7233730225439509
-0.7252818133381347,0.048695173605704405,0.09154984247793393
-0.18677232258215537,-0.485289710355791,-1.075630553976073
-0.12820075024576957,4.193868799789698,-1.7185114236339254
-0.7252900677701669,0.05029706287435393,0.2659972737998735
-0.1880256552782874,-0.33567107322278944,-1.7438450856092498
1.004312748017091,3.0199382340078373,0.41656339640631146
1.1866698988604172,-0.3574945442569014,-0.9620664314664934
0.3506751475847129,-0.0662848783439922,0.615667825116612
-0.722895507696689,-0.2413448588729526,0.7362461537105651
-0.722846755888732,-0.24819193658588523,0.7527336640124215
-0.7825210547859102,-0.25210766590925,0.7588566533237205
0.4108016522800271,-0.07056748026629894,0.6324854157047913
-0.7252727841218691,0.04537515820537563,0.2344746064559844
-0.7228573048740721,-0.24944148286347131,0.7520569994254582
-0.722884481921051,-0.24507533569586049,0.7273174819655157
0.35120358023172077,-0.0665573084917218,0.614231975871105
3.2153116559517967,3.0122121150182317,-0.41766501523324007
4.46750237972182,3.013269143991421,-0.7066998179523621
-0.7228624005703808,-0.24827911423315874,0.7403886613039243
0.35118614758645483,-0.06612142025535508,0.6146115682003769
-0.7252894419829009,0.03946524020063176,0.2818081195147666
0.47039990312469465,-0.010919807521433234,0.6225995111294039
-0.18800834183059612,-0.33587085533112404,-1.7493904344194835
1.1866423940201087,-0.301479273481761,-0.9549201932675906
-0.18800044499128768,-0.3406656259311619,-1.741650051705199
0.35111990353444494,-0.06900554741931714,0.618919115936898
-0.7228333461616044,-0.24703320035754286,0.7245117995317665
0.35115479862437027,-0.06943417085174419,0.6261973862503294
1.2462689542887129,-0.3553441622908241,-0.9671001558329259
-0.7252917067368155,0.04849175909540037,0.28192364761497946
0.41071180710827204,-0.06673529618823823,0.6213452060413746
-0.7252882500071562,0.049276357920861096,0.25474153603624383
-0.7253069044275603,0.04827381497721621,0.14043473288243605
-0.7228637117437,-0.24913272869604422,0.7480465239466285
0.3511295287385826,-0.06668444256066222,0.6246295048902929
0.41083511699905906,-0.06625581912823436,0.3754518967447264
-0.7228952693015402,-0.23862782219959788,0.7450097853124525
-0.7228919615688486,-0.241195930392194,0.7434584079667327
-0.18795866624143684,-0.2924527545869932,-1.7239742523725778
-0.7229131489377101,-0.24812292094846047,0.7470397790733414
-0.7228697908199977,-0.24398924750691312,0.726607809349921
0.351195296000295,-0.07016065124569006,0.6368919875272087
-0.1855012294474272,2.943679587055417,-0.3624095753026956
0.4107852030147506,-0.06372403495533574,0.6113602773800909
0.41076023112289917,-0.06674256099217789,0.6166415619612658
-0.7252739760976138,0.043784166142636,0.2635051676381313
-0.1853790817329917,2.999197218760704,-0.30278057157836613
-0.1879959154834579,-0.34035687176373564,-1.7482021453887189
-0.72286478452187,-0.24034594833127795,0.7510172465235387
-0.7228974446572742,-0.24329545873069533,0.7504396060224736
2.798865875140788,3.0114529430065593,-0.16380026702188064
0.41032027287554007,-0.06645560123656978,0.6168726181616925
1.1866553269569389,-0.35580910974294866,-0.9643109774134923
-0.7228948819094233,-0.2382464199927766,0.705515679053853
1.1866275539220879,-0.35588539018431303,-0.9623635037241838
0.3511603413115826,-0.0668914894729365,0.6163609937178911
-0.18799308454106425,-0.3430194224075441,-1.7417490757910952
-0.7228931535445933,-0.24161365661871195,0.7185373463493125
-0.18801501689476638,-0.33931800480039404,-1.7484662096177779
1.1862673090526534,-0.30073826347993743,-0.9597228614335964
-0.7229099306031995,-0.24146472813795336,0.7097076986901604
-0.7252704001703795,0.04499738840052378,0.2680767796037114
-0.18797443012066017,-0.33748727420765207,-1.7551998474587756
-0.7252635165104541,0.0896686678242109,0.2890533817995656
-0.7252941800864858,0.04187352270656019,0.2668389785299977
1.245779797242492,-0.2980284916105216,-0.9628091121107205
0.3510454050504028,-0.06600518339232374,0.6180278991638247
0.3512676191286035,-0.06760707266097246,0.6284419321973292
-0.12884623491090458,3.022571725435889,0.5381979819164997
-0.7252663176534542,0.03675910073318613,0.2821051917724571
-0.7228970870645509,-0.24487192118555645,0.7426332072509242
-0.7229136853267956,-0.23938699421127022,0.7148734551711223
-0.18799540889376642,-0.3332446287070122,-1.7706971169016614
-0.725300706153688,0.04439440967354972,0.25083008464331125
-0.1880069114597023,-0.3386460104359944,-1.7568502488903925
1.2462596568779043,-0.2998555898012941,-0.7093404602429496
-0.7253006465549009,0.03667918788985229,0.2742822889865919
0.4103156837689228,-0.06795578325006647,0.6190346440371108
-0.7252571692396136,0.048546245124945805,0.2826333202305751
4.110559163902575,3.0104177084451864,-0.6878852416319254
-0.7229112119771252,-0.2406002164691588,0.7338365676204043
-0.7229061460802104,-0.2411814007843147,0.7522385435829358
-0.7228816509786573,-0.249652162177715,0.7311464132868679
0.35117723756776303,-0.06597249177459567,0.6248935691193519
1.2458159737063432,-0.30135577181479084,-0.9653837383440431
-0.7223267266707236,-0.2415046845596203,0.7219701813270761
0.3511848066137421,-0.06742908496445603,0.6193812283377503
1.245882843545619,-0.30026968362584266,-0.9619839113949119
0.3507270283289993,-0.06493725721322433,0.6203714691967208
-0.7228179994738915,-0.1731537766952924,0.33594128647181026
0.35117273785932723,-0.06749083579794113,0.6222364228144478
-0.7228879684501038,-0.24041133156673328,0.7372363945695355
-0.18796063300141524,-0.33991735112539867,-1.7077508062997813
-0.7229335019235507,-0.24577638927601794,0.7178441777480336
0.4107660718040486,-0.0655656627539868,0.6212461819554783
-0.7228736647411679,-0.2418279683349259,0.7233070064866861
-0.7253021365245818,0.05114341253329976,0.2665254022579906
-0.18796921522677684,-0.33848618474932674,-1.7279187117941437
1.2462373073326922,-0.3019369561299467,-0.9531542637357597
1.2462507170598198,-0.29798853518885465,-0.9541445045947301
-0.7252735589061029,0.03957784466169367,0.11628935993787638
-0.7253154270541349,0.04628325869780655,0.25663949768260413
-0.722858943840721,-0.2442071916250965,0.7226633499283551
-0.1879908495865427,-0.339859232693883,-1.7413694834618232
0.41079861274187823,-0.06599065378444442,0.619612284538177
0.3506840874027974,-0.06691328388475466,0.617219202462332
1.246278370897096,-0.30144294946206435,-0.9581549800735598
1.2462798906661707,-0.301653628776308,-0.958996684803685
-0.18797875103273431,-0.3398011142623673,-1.7377386003122655
-0.7253009743482307,0.044085655506122624,0.26510605702680023
-0.7252873262259539,0.04272350476747544,-0.033187497723694975
-0.7252445938955077,0.04367882648551375,0.2936580017937781
-0.7228799822126148,-0.2416063918147731,0.7275155301373101
-0.7228688670387954,-0.2487985477148295,0.7117872044939983
0.35067848511679806,-0.0675380570235477,0.6253061694772561
0.35116636078909325,-0.06749083579794113,0.6200743969390293
-0.7228804590029128,-0.2395468198979387,0.7210954685683195
-0.7252622947353159,0.042338470158684735,0.27223579121138636
0.41030209524543393,-0.0671784492285446,0.6207675655403093
-0.722848931244466,-0.24689880148466278,0.7423691430218651
1.2462773279183192,-0.35619414435173935,-0.9622809836526034
0.410763211062261,-0.06614321466717325,0.6227315432439334
-0.7252925709192308,0.04730759605326962,0.2838051052470231
0.41079604999402686,-0.06902734183113532,0.6355221543389663
-0.72288859423737,-0.24866414884194943,0.7474193714026134
-0.1880007429852235,-0.32691335207378097,-1.746650768042999
-0.7229309093763058,-0.23906734283793482,0.7173820653471803
-0.7228993518184655,-0.24717123163239238,0.7459010020855258
-0.7229046561105296,-0.246328514375416,0.7135861420544606
3.335087577050619,2.9541082131104988,-0.16866895124515122
0.35116218887398726,-0.06621586270656744,0.6328980160626956
-0.7252982924028052,0.04520443531279805,0.2593956680734045
-0.7228916933743063,-0.23910003445566208,0.7349588405939033
0.351165496606678,-0.06795578325006647,0.6221373987285516
-0.7229335913217313,-0.24192604318810848,0.7169364569606437
-0.7228496762293063,-0.2448682887835862,0.7218546532268633
-0.7228500040226361,-0.24315016265190617,0.7130910216249758
0.4108151514053353,-0.06727289167975777,0.6283429081114321
0.3511807240968167,-0.06630667275581037,0.6244974727757643
-0.725241196764635,0.038778716228353625,0.2939715780657852
-0.18798104558604295,-0.33895839700539093,-1.7446702863250583
1.1862625709490684,-0.3037458923108705,-0.963898377055588
-0.12834769105569438,-0.33692788430431436,-1.7815237502930703
-0.24764914620934872,-0.33991735112539867,-1.7332495084182666
0.4107694093361337,-0.0698555294802324,0.6318582631607761
-0.7228519409832214,-0.24570374123662295,0.7371703785122707
-0.7228740223338912,-0.24542041388298508,0.7408177656761452
-0.7252843760859861,0.046868075414932674,0.0611659521218614
1.2458958360812362,-0.29965580769295874,-0.967842836477153
0.3511192777471789,-0.065987021382475,0.6206520374400956
-0.7253089009869327,0.0440820231041532,0.2662613380289325
-0.722909424013508,-0.2410470019114354,0.706472911884191
1.1862763680683128,-0.35698964038310915,-0.9537319042368259
-0.7229032555390292,-0.2406873941164323,0.742270118935968
-0.7228629667588593,-0.2441962944191874,0.7227293659856199
1.1866519298260667,-0.3572293789131115,-0.9547221450957963
-0.7228936005354977,-0.23838808366959555,0.7469902670303934
0.41029825112365687,-0.06545669069489513,0.6180609071924571
1.2463021210138088,-0.35789410847357145,-0.7097035485579057
1.186242128565047,-0.3003822880869046,-0.9505961415167538
3.8712448228720566,2.9551470800738406,-0.6922423014113955
-0.7228871340670826,-0.2485261175670999,0.7519084632966121
0.4107905669056017,-0.06592163814701966,0.6293496529847182
-0.7228894286203912,-0.23821372837504934,0.7160122321589381
1.1866580685011516,-0.3014465818640338,-0.9642779693848599
-0.7252808001587517,0.04093999540034005,0.28293039248826557
-0.7228889518300933,-0.24770882712391193,0.7362296496962494
-0.7228834389422741,-0.2536187451286558,0.7428642634513498
-0.7228718469781572,-0.24820646619376455,0.7324997424607944
0.3511820352701359,-0.12303389431701652,0.8771409239277266
-0.7252945376792092,0.04588732688310676,0.27809471629362736
-0.7229072784571675,-0.2423510342185669,0.7040138137510813
0.4107847858232402,-0.06735643692506184,0.6302573737721081
-0.7228803398053382,-0.24407642515418662,0.7421710948500708
-0.7252546362911562,0.03946160779866233,0.2670205226874763
-0.18802249654256395,-0.3360524754296107,-1.7501331150637107
-0.7228847799149869,-0.2487476940872535,0.7252214721473621
1.245793445364769,-0.30044040651842024,-0.9646245536854994
-0.7228957162924445,-0.2438112598103959,0.7679338611976152
-0.725310748549337,0.04493563756703869,0.26817580368960764
0.3511651986127426,-0.0701897104614479,0.6352085780669592
-0.7228800716107954,-0.24265615598402376,0.7217226211123338
-0.7252521927408798,0.04141220765640507,0.28321096073164126
-0.7253132814977943,0.047696263064030554,0.24932821934053948
0.6464645246137013,2.9347656726217095,0.515009841802278
-0.7229228635400292,-0.23961583553536345,0.7428147514084018
0.35118033670469984,-0.12290312784610667,0.8746323137516678
2.500797321290406,2.9539592846297404,-0.15622492445075783
-0.1879868266684044,-0.30792678697802445,-1.7633363265166486
1.186243082145643,-0.35564928405628093,-0.9689486054363371
-0.725317751406837,0.04475038506658259,0.2466710730356354
0.4103081445223381,-0.06571459123474539,0.6160144094172515
-0.7229074572535297,-0.24519520496086206,0.7352724168659114
2.439761845691596,2.9565782464499124,-0.44308119728014483
-0.18796754646073427,-0.33934343161418246,-1.7176202068608522
0.3482696511337776,2.9830548244072435,0.6047916796822543
-0.1880208277765214,-0.3355875279774853,-1.7594578831523486
-0.1880366512545318,-0.3306365640927492,-1.7719184139610586
-0.7229309093763058,-0.23982651484960715,0.7245283035460831
-0.7228649633182317,-0.24161002421674255,0.7359160734242414
-0.7252386936155711,0.03900029274850721,-0.14147033565209988
-0.18799826963555363,-0.3388821165640265,-1.7472779205870133
-0.7229096326092632,-0.23935793499551236,0.70759518485769
1.245873248140875,-0.2990673585738632,-0.9742628980461444
0.41080990671205847,-0.06943053844977477,0.6341523211507241
0.3511908856900398,-0.0645231633886758,0.6179783871208757
-0.722897772450604,-0.24077457176370579,0.7150549993286
-0.7252698637812944,0.04202245118731879,0.2917105281044697
-0.1879825951545109,-0.3284934469306115,-1.7412539553616104
1.2463500384387447,-0.30114509250054633,-0.9640634171987499
0.4107701841203675,-0.06523874657671176,0.6173347305625448
-0.7825617309581969,-0.24748725060375834,0.7516278950532373
-0.722961483554157,-0.24085811700900908,0.772043360762342
0.4107823720723565,-0.06641927721687228,0.6292506288988211
-0.6058779972674065,4.718583793924453,0.2605509490755367
0.4108034998424309,-0.0695939965384127,0.6249265771479843
-0.725296891831305,0.04795053120191141,0.2505825244285689
-0.18799376992711742,-0.3351879637608161,-1.7437955735663007
-0.725278922796954,0.039701346328663865,0.28235275198719945
1.246350217235106,-0.3559180818020403,-0.9653837383440431
-0.7229353196865613,-0.2398810008791534,0.7273009779512001
-0.7228748269175189,-0.2394741718585437,0.668827255229002
0.3511491069401894,-0.06858055638885871,0.6233751998022643
-0.7229028383475188,-0.18987735536390887,0.4500500414538247
-0.7228734859448062,-0.24173715828568296,0.7233400145153185
0.4107798987226866,-0.06468298907534348,0.6297952613712549
0.4102959267709547,-0.0666081621192978,0.6221704067571839
1.1862778878373876,-0.29839536420946433,-0.9713746955408137
-0.18797460891702186,-0.33829366744493095,-1.7392239616007215
-0.7229059076850612,-0.24147562534386244,0.7370218423834255
0.4107683365579637,-0.06705494756157442,0.6230616235302572
-0.7252474546372948,0.04205514280504605,0.2813790151425457
1.1867118564066297,-0.3562595275871947,-0.9615878150513243
-0.7252842568884115,0.041993391971560955,0.29217264050532205
0.41079402363526096,-0.06957220212659451,0.6295807091851449
-0.7229171718558484,-0.24745819138800051,0.7285222750105962
-0.18793706168106453,-0.34384397765467256,-1.7325233317883553
4.528549685679896,2.9562549626746066,-0.7037290953754509
-0.7229107053874337,-0.21833722479670983,0.6040820070666586
-0.18794472012522379,-0.3432700581434555,-1.7385803050423905
-0.7252887863962413,0.046141595020987615,0.2826333202305751
-0.18800017679674494,-0.3425108861317832,-1.7574608974200912
-0.7229132681352847,-0.24180254152113828,0.72863780311081
-0.7240962444630875,-0.09981558092653005,0.7452408415128792
-0.18799141577502168,-0.33833725626856814,-1.7660264808501842
1.1861694180446216,-0.2998737518111429,-0.9654827624299402
0.41079709297280337,-0.06454495780049396,0.6141989678424726
-0.18797115218736213,-0.33478113474020643,-1.8073195246692468
-0.7252993949803688,0.04986117463798641,0.27659285099085557
3.8138712755572506,3.011656357516863,-0.4349117101936402
-0.7228324819791896,-0.2444069737334311,0.7374179387270131
-0.1879881080423301,-0.3385079791611449,-1.7283643201806804
-0.7228696120236361,-0.24718576124027172,0.7562325150474498
1.1862444231183558,-0.3006147618129665,-0.9693116937512923
-0.1880078948396917,-0.33872229087735883,-1.7571308171337683
0.4108122906635486,-0.06813740334855234,0.6175162747200234
1.2458082556633963,-0.30074552828387713,-0.9570657151286932
0.351163976837604,-0.06743271736642545,0.6193317162948022
-0.7228902630034125,-0.23741096753973986,0.7217556291409661
-0.7228610893970615,-0.24485012677373746,0.7280766666240596
1.1862389996287177,-0.3017081148058543,-0.9566861227994204
-0.7229080830407952,-0.24758895785891116,0.7486901805049585
0.4107775147711974,-0.06593253535292876,0.6169386342189572
-0.1879994318119047,-0.329713933992439,-1.7418646038913088
0.4107617210925805,-0.06579450407807924,0.6204044772253532
-0.18799120717926646,-0.33854067077887295,-1.7370289276966706
-0.7228831707477318,-0.23811202111989652,0.6991616335421263
-0.7253093777772306,0.047249477621753945,0.24403043074504796
1.2492188260622417,2.95674896934249,0.36272730170695827
-0.2476586224165191,-0.3331065974321627,-1.738547297013758
0.4103052837805505,-0.06737096653294036,0.6153707528589206
-0.7240804805838641,-0.09866047710015713,0.7304037326426398
-0.1879802410024152,-0.34076006838237505,-1.7316981310725468
1.1866237693990986,-0.3563721320482558,-0.9483350915554382
-0.7252585698111138,0.04097995182200778,-0.029144014216231973
0.4107827892638678,-0.06756711623930554,0.6232926797306829
1.186717011701726,-0.354708491946122,-0.9600034296769712
0.41078433883233534,-0.06710580118915042,0.6187870838223685
-0.18804198534598932,-0.334479645376719,-1.7568502488903925
1.1862557766873238,-0.29576913758535256,-0.9478894831689015
0.41031493878408254,-0.06696050511036125,0.6242664165753377
0.4107793325342077,-0.06913994629219643,0.6294486770706154
-0.7228859122919444,-0.24083269019522147,0.725171960104414
-0.7228794756229233,-0.2436623313296373,0.7129424854961297
-0.7228538183450192,-0.2448174351560102,0.7434749119810484
-3.562439675063831,-4.254531527084993,-6.241486059023839
1.1876044078442427,-0.47409101508312607,-0.16112661670266082
-0.7228736647411679,-0.24859513320452467,0.7397119967169611
-0.7228663638897319,-0.24520973456874057,0.735668513209499
1.1861853309208137,-0.29870411837689065,-1.2204202715718515
-0.18800557048698954,-0.33242733826382426,-1.7574443934057753
-0.24765948659893391,-0.33450870459247684,-1.7310544745142158
0.41076565461253817,-0.06843889271203978,0.6172026984480153
0.410301082066051,-0.06644470403066069,0.6221208947142349
1.1861953733164625,-0.2989874457305293,-0.9581384760592441
0.4103195576900934,-0.06627398113808311,0.6136213273414065
0.41075233428359115,-0.06962305575417052,0.11267498080263429
2.6185841626646953,2.95488917953399,-0.7048348643346342
-0.7253110763426668,0.04484845991976518,0.2563259214105961
-0.18795324275179828,-0.3323692198323086,-1.714319403997617
1.2463492040557231,-0.3572584381288693,-0.9585345724028317
0.3511864157809976,-0.069485024479321,0.6371230437276353
-0.7252592253977734,0.04764540943645374,-0.22666405755218028
0.41077817035785696,-0.07196595502464362,0.6499631668656172
-3.563147053069508,-4.254531527084993,-6.241486059023839
-0.722936511662306,-0.2465282964837514,0.6328154959911142
-0.7228582286552744,-0.24308841181842106,0.7237031028302746
1.2458362968927894,-0.2982537005326446,-0.9607461103211992
-0.1880115303657131,-0.33916907631963544,-1.748565233703675
0.4108046322193889,-0.06674619339414732,0.615189208701443
-0.7825224553574099,-0.24670265177829762,0.7319716140026764
-0.7229017059705612,-0.249877371099838,0.7404711813755048
-0.725280561763603,0.03522259469999194,0.26969417300669607
3.692254377720171,3.0114892670262567,-0.4370242240261096
1.2463478332836166,-0.35634307283249794,-0.9654002423583598
-0.7228851375077102,-0.2439492910852462,0.7630321689457122
0.3511086095642639,-0.06648102805035738,0.6277322595817335
-0.6040560325422769,-0.23432705826744238,0.6922794595722827
0.35068447479491516,-0.0655656627539868,0.618919115936898
-0.7825455200880697,-0.24824642261543148,0.7236205827586932
-0.7825513309698247,-0.2466881221704191,0.752601631897892
4.528413830244397,2.9557246319870267,-0.7017651176718268
-0.1879937103283299,-0.33437430571959753,-1.7491758822333727
-0.7228870148695085,-0.24177348230538045,0.7499114775643555
-0.7229245621054653,-0.2450172172643448,0.7347277843934776
-0.7252362500652948,0.04532793697976905,0.28332648883185413
1.2462496740810431,-0.3553332650849142,-0.9696417740376161
4.110037197723983,3.0714711207523364,-0.69808472247932
-0.7229022125602528,-0.24304119059281448,0.7510832625808035
-0.1879503820100111,-0.3393724908299395,-1.7336125967332228
0.3511487493474661,-0.068195521780068,0.6293496529847182
-0.1880104277881491,-0.32458135000921695,-1.933855802431339
0.41077563740939915,-0.06582356329383708,0.6164765218181039
-0.725296891831305,0.048150313310246017,0.1900292959025329
0.4107846964250587,-0.06661542692323746,0.6198928527815517
0.35069624555539375,-0.0674145553565767,0.6211801658982136
0.41081503220776117,-0.06887478094840649,0.11482050266373697
-0.722957818228742,-0.24077457176370579,0.7453398655987763
-0.7252865216423262,0.0411070858909474,0.2615741979631395
-0.7229495041979228,-0.20701139545510527,0.5613861220307214
-0.7825597641982185,-0.24728746849542374,0.7332919351479705
-0.72528267752055,0.042371161776411995,0.26707003473042434
-0.7229066824692955,-0.2382464199927766,0.7029740608491618
-0.7253008849500496,0.04720952120008703,0.2748434254733414
-0.7229322801484125,-0.24045492039036961,0.7177451536621364
1.1866539263854392,-0.35567107846809914,-0.7106442773739271
-0.7228932131433807,-0.24393112907539746,0.726822361536031
1.2463686928591484,-0.3558490661646156,-0.9510582539176061
-0.7825406925863037,-0.2479049768302771,0.7473533553453486
1.2462798012679892,-0.3010869740690307,-0.9576598596440751
-0.7228805782004869,-0.2403532131352176,0.7303047085567436
-0.7229332039296144,-0.243055720200693,0.7353054248945438
-0.722870625203019,-0.24518794015692238,0.7410158138479386
-0.7252807703593582,0.0697449430202648,0.050339318730452665
0.3511451436208382,-0.06892200217401306,0.6281448599396378
1.246277596112862,-0.3557982125370396,-0.9582540041594569
1.1862740437156107,-0.35608153989067826,-0.9712591674406008
-0.24766797942611446,-0.3363866564108254,-1.7082624307435827
0.4102975955369973,-0.06726199447384867,0.6253061694772561
5.841491122043327,2.954079153894741,-0.4508380840087462
-0.24761928721694462,-0.33797038366962534,-1.7071071497414505
-0.18799815043797904,-0.3341454643955043,-1.7413529794475076
-0.7229088876244231,-0.2377233541091364,0.7265252892783396
-0.7253298201612519,0.05036244610980926,0.23313778129637447
-0.7229336211211248,-0.2398846332811228,0.7104503793343884
-0.7252578546256672,0.03677726274303488,0.27487643350197377
0.41077834915421824,-0.06764702908263938,0.6243159286182857
-0.7229450342888805,-0.24330998833857384,0.7412138620197328
0.3507158833557868,-0.06611415545141543,0.6217413023849631
-0.7229512027633589,-0.24120682759810308,0.7237196068445904
-0.7228639501388487,-0.2455984015795015,0.7280271545811114
-0.24761273135034895,-0.3395759053402443,-1.7200297929510129
-0.7252611921577519,0.09167012130952963,0.2664098741577777
-0.7229203007921783,-0.24434159049797657,0.7285717870535452
-0.18799180316713857,-0.33629221395961223,-1.7423102122778455
-0.7229140727189124,-0.23235829639985092,0.5745893334836594
1.2463368075079784,-0.35652832533295403,-0.962082935480809
2.9172384533960107,2.956730807332641,-0.4263791347921785
-0.7228893392222102,-0.2453986194711661,0.7348433124936904
-0.7228202046290191,-0.24855154438088833,0.723042942257627
-0.7229003649978485,-0.24271790681750888,0.7403886613039243
1.6030547101120867,2.940087141507358,-1.0633680713391573
-0.7228734263460191,-0.2464156920226895,0.7360976175817199
3.2162273019194623,3.0138176366888505,0.08342986743437739
0.3506840874027974,-0.06773057432794347,0.6232431676877348
0.4103043004005611,-0.0664338068247508,0.6232101596591024
4.170339846634967,3.013512514923393,-0.6929849820556226
-0.7253348264593792,0.04828107978115587,0.25168829338775217
-0.7228687776406147,-0.24471209549888795,0.7139327263551001
-0.7252641720971136,0.04143763447019267,0.27756658783551025
-0.7229175592479656,-0.24255444872887094,0.7466106747011215
-0.18797651607821317,-0.3429758335839077,-1.7183133754621311
-0.7252845548823478,0.04508093364582786,0.2761637466186356
1.1862694844083879,-0.30143205225615527,-0.9547221450957963
-0.7228868658725403,-0.24468303628313012,0.7258486246913763
-0.7252737973012522,0.047514642965543884,0.2555007206947876
-0.7252599703826137,0.03994471726063563,0.27316001601309203
0.7060816682739226,2.9564547447829423,0.49657485781111416
-0.7228774492641574,-0.24814108295830922,0.66253922577454
-0.24759330214571068,-0.3321730701259434,-1.681889015866339
0.35110899695638076,-0.07020787247129584,0.628078843882373
-0.7229089472232101,-0.24273606882735763,0.7153190635576591
-0.7228470538826679,-0.24413091118373206,0.7435244240239974
-0.7228943455203378,-0.24139934490249804,0.7372859066124836
-0.7229079340438271,-0.24354246206463653,0.7129754935247621
0.35070107305715936,-0.06757801344521462,0.6199258608101841
-0.7228884154410082,-0.24080363097946364,0.7178771857766659
-0.18801600027475537,-0.3389729266132702,-1.7666866414228317
0.3511394817360509,-0.06943053844977477,0.6252896654629404
0.4103205708694763,-0.06650645486414579,0.6237878001601685
1.2463570114968512,-0.3564629420974995,-0.9635352887406319
-0.7228799822126148,-0.24475931672449452,0.7236700948016422
0.41076732337858074,-0.0688529865365883,0.6206355334257798
-0.725294329083454,0.046079844187502515,0.27688992324854694
-0.7228824257628912,-0.2458090808937452,0.7266903294215015
-0.7229329357350717,-0.24009168019339708,0.7138171982548872
0.35118069429742316,-0.06641927721687228,0.6281448599396378
-0.7228703570084762,-0.24219847333583808,0.7367082661114184
-0.7253072620202836,0.04541148222507312,0.2696611649780637
0.4107593967398783,-0.06961215854826144,0.6312641186453942
0.35116513901395463,-0.0681809921721895,0.6208995976548379
-0.7228926469549017,-0.24922353874528794,0.7442175926252764
-0.722875452704785,-0.25930345421127665,0.7520569994254582
-0.7229138939225507,-0.23973207239839397,0.7183558021918349
0.4107751308197081,-0.06641564481490285,0.6284914442402774
0.35118915732521017,-0.06983736747038445,0.6335911846639746
-0.18800607707668102,-0.3353877458691507,-1.7470303603722708
-0.7229012887790508,-0.244345222899946,0.7361306256103523
-0.18800232235308545,-0.33851887636705397,-1.7493079143479022
-0.7229352600877739,-0.23935067019157352,0.7313279574443454
1.1866665315289386,-0.30340444652571613,-0.9479389952118497
0.4107849646196014,-0.06742182016051637,0.625256657434308
0.4108051686084735,-0.06652461687399454,0.6117233656950462
-0.7252952230652624,0.04500102080249401,-0.0025065351099310424
0.35115858314735937,-0.06686606265914809,0.6248110490477714
0.3511621590745937,-0.06641201241293263,0.6245304808043957
0.41079315945284656,-0.06786497320082274,0.6268905548516084
1.1867223159937899,-0.3562704247931038,-0.9447702244631442
-1.3191103024166118,3.0134689260997565,0.3720850778242276
1.186129427258388,-0.2981519932774926,-0.9650371540434036
-0.18795881523840455,-0.34479929937271003,-1.7200132889366972
-0.7228682114521362,-0.24682615344526862,0.737104362455006
1.2462698780699153,-0.2998265305855363,-0.9682884448636896
0.35114672298870014,-0.06879486810507264,0.6327494799338494
0.5943506298710605,3.0137231942376372,-0.439186249901528
0.4107750116221331,-0.06993180992159681,0.3648068075107953
-0.7229111225789442,-0.24116323877446594,0.7156656478582986
0.3511640066369975,-0.06979014624477788,0.642833432681031
0.4103742991761674,-0.06520242255701426,0.47934466686502974
-0.722908977022604,-0.24302666098493517,0.7533938245850681
-0.7825320507621545,-0.24853338237103959,0.7300736523563169
-0.7228981002439339,-0.2456347255991982,0.7557704026465966
1.1866533899963536,-0.3572184817072024,-0.9495563886148343
-0.7253159634432198,0.04565848555901432,0.23600947978738854
-0.7228712807896787,-0.25159186482954865,0.7571897478777878
-0.18801254354509606,-0.33795948646371626,-1.7420461480487865
-0.7252898591744114,0.04783066193690983,0.2671195467733734
-0.7228538481444127,-0.2458962585410187,0.7270699217507733
0.3507171647297125,-0.06717118442460575,0.6276332354958364
-0.7228787306380826,-0.24387664304585122,0.7223662776706646
-0.7229232509321465,-0.2433281503484226,0.7299746282704198
-0.30584912010733184,2.9509116993771403,0.5821811800690988
-0.780571578455494,2.9660406535810475,0.2817255994431852
-0.18805518647736172,-0.3396994070072153,-1.7739979197648956
-0.7228978022499976,-0.24173352588371352,0.7502085498220469
-0.725311284938422,0.043322851092480075,0.265601177456285
1.1861538031623668,-0.2966045900383893,-0.9700873824241527
-0.7252740952951879,0.041448531676101755,0.2847458340630445
-0.18798521750114935,-0.3331792454715577,-1.7659769688072362
1.1861679280749413,-0.2999500322525065,-0.9646575617141318
0.35054575861762816,-0.06668444256066222,0.6178133469777138
-0.7228649037194446,-0.2489075197739212,0.7297765800986256
-0.7252510305645288,0.04317755501369171,0.28330998481753744
-0.7228894882191783,-0.24470119829297887,0.7335229913483963
-0.7228890710276679,-0.24592531775677653,0.7164413365311589
-0.7228924979579336,-0.24786865281057963,0.7536083767711781
-0.7229111523783381,-0.24110148794098082,0.7302221884851622
-0.7228992922196785,-0.24521336697071,0.7497464374211936
1.186624126991822,-0.2981519932774926,-0.7059241292795018
0.351178369944721,-0.06600518339232374,0.6244314567184995
-0.7228990538245293,-0.24441060613540133,0.7055651910968012
-0.7252895313810815,0.043144863395963635,0.25198536564544355
-0.7228850183101361,-0.24868231085179818,0.7269708976648762
-0.7229590996026674,3.0128877417845996,0.42021078357018593
1.1866148295810133,-0.29943786357477536,-0.9586170924744132
0.4108191147246865,-0.067970312857945,0.35389765404780604
0.4108003411067079,-0.06750899780778986,0.6237052800885872
-0.7228842435259019,-0.24201685323735142,0.734546240235999
-0.722890680194923,-0.1530847558125579,0.21372906046055593
-0.7241346856808532,-0.09763250734272544,0.735932577438558
-0.18797413212672393,-0.34031328294009844,-1.7495884825912769
-0.7229378228356252,-0.24519157255889182,0.735024856651168
-0.7228686584430402,-0.16623041854099455,0.3628758378358035
-0.18678749047350618,-0.4824745988292537,-1.1130946664737837
0.3506956197681277,-0.06853696756522236,0.6212791899841107
-0.18799892522221323,-0.3379122652381105,-1.7585996744079075
0.4107772763760482,-0.06564194319535122,0.6329640321199603
-0.7228940475264021,-0.2388784579355085,0.7275980502088906
-0.6045431036309448,-0.2242471428014537,0.6766996700578162
-0.7825394112123779,-0.24910366948028637,0.7522385435829358
0.5290778592962926,-0.008947413251872325,0.6168231061187435
-0.1880122455511598,-0.3370550183732548,-1.76630704909356
0.4107663995973784,-0.06777779555354924,0.6241343844608082
1.2457749697407265,-0.3029249694657123,-0.9609771665216258
1.1862665342684195,-0.30128675617736606,-0.9434168952892186
-0.7229186320261357,-0.24250722750326437,0.7307338129289636
1.1862614385721113,-0.30232562314070766,-0.9493253324144076
-0.7228758698962955,-0.24515888094116456,0.7241487112168112
1.246270772051724,-0.3567607990590167,-0.9550357213678035
-0.7229005437942102,-0.2487985477148295,0.7463796185006948
1.2463458367242444,-0.3566699890097738,-0.9638818730412723
-0.7825527017419309,-0.24882397452861793,0.750472614051105
0.41029735714184895,-0.012663360466901698,0.37337239094088936
-0.7253027027130604,0.04087824456685496,0.2757016342177823
1.245886955861938,-0.2985878815138601,-0.9636013047978966
0.4107833256529524,-0.06782138437718639,0.6127136065540165
0.4107742964366864,-0.06372403495533574,0.6180609071924571
1.1861597034423026,-0.29991007583083956,-0.9633537445831543
-0.7228952395021466,-0.2425108599052346,0.7378305390849174
-0.7229175592479656,-0.24797036006573245,0.7329288468330144
1.245918781614321,-0.30025152161599394,-0.9579734359160822
-0.7825184622386653,-0.24845346952770572,0.7571402358348388
-0.7228807569968486,-0.24474841951858545,0.7242312312883917
-0.1879718375734153,-0.34026969411646213,-1.7323087796022454
-0.7229191684152207,-0.24163545103053094,0.738061595285344
0.4107831170571976,-0.0659506973627775,0.6135553112841418
0.41079467922192053,-0.07008437080432564,0.6185560276219418
-0.7252958488525284,0.04260000310050525,0.2817586074718176
-0.18799102838290438,-0.3393906528397882,-1.7640294951179278
0.35112422444651864,-0.0651697309392862,0.6238868242460657
0.41032319321611477,-0.06686606265914809,0.6213287020270588
0.41078264026689926,-0.06716391962066609,0.626857546822976
-0.18797511550671334,-0.3400590148022184,-1.7471788965011161
-0.7229155626885932,-0.2456092987854106,0.7415109342774242
-0.18797279115401117,-0.3347157515047519,-1.7362367350094936
-0.7252743038909436,0.04664286649280965,0.2788704049664878
1.186197489073409,-0.2996521752909893,-0.95617449835562
0.3511730358532635,-0.06641201241293263,0.6391695415028408
1.1862733285301639,-0.29872954519067907,-1.2357194928429422
-0.7229016761711677,-0.24726567408360556,0.7336055114199777
-0.7228315879973808,2.96045038694964,0.36333795023665677
-0.7228839455319656,-0.23855880656217313,0.7351733927800143
-0.18795795105598972,-0.3438294480467932,-1.7214821462108365
-0.7228745289235827,-0.24014979862491276,0.6699495282025019
-0.7228964910766784,-0.23681525361670466,0.7020168280188238
-0.5838395577241094,14.458648099223751,0.6401102703188621
-0.722904596511742,-0.24074188014597772,0.7216731090693848
0.41079402363526096,-0.06647376324641772,0.627814779653314
0.4106482450016877,-0.06895469379174113,0.6191996841802727
0.4103307026633059,-0.06570006162686688,0.6268080347800279
-0.7252679864194967,0.04208056961883446,0.2750744816737681
-0.7228979810463593,-0.24534413344162065,0.7202867718668268
-0.18802496989223427,-0.33182072713488,-1.7383162408133315
1.1866398908710454,-0.3566845186176523,-0.9606635902496187
